class,group,reason
corn smut,reproductive,"plant_organ says seed 51% / flower 20% / fruit 12%; smut galls form on ears and tassels (inflorescence / kernels)"
wheat head scab,reproductive,"plant_organ says flower 84%; the diseased organ is the spike (inflorescence) / kernels"
wheat loose smut,reproductive,"plant_organ says flower 60% / leaf 28%; the whole head is replaced by smut spores (inflorescence)"
wheat bacterial leaf streak (black chaff),reproductive,"leaf 66% / flower 30%; black chaff is on glumes and kernels, leaf streak on leaves - confirm dominant part"
carrot alternaria leaf blight,reproductive,"declared leaf but plant_organ says fruit 50% / flower 33%; likely umbel/seed-head photos - check what the images really show"
cauliflower bacterial soft rot,reproductive,"declared flower;stem but plant_organ says leaf 64%; the curd is an inflorescence"
blueberry botrytis blight,reproductive,"fruit 47% / flower 33% / leaf 11%; blossom + fruit + twig blight, no single clear part"
blueberry scorch,reproductive,"declared flower;leaf but plant_organ says fruit 33% for a blossom/shoot virus"
raspberry fire blight,reproductive,"declared stem;leaf;flower but plant_organ says fruit 58%; shoot/cane blight"
potato bacterial soft rot,storage,"declared root, plant_organ root 100%; the rotting organ is the tuber"
potato dry rot,storage,"declared root, plant_organ root 100%; the rotting organ is the tuber"
onion basal rot,storage,"declared leaf;root, plant_organ root 100%; the rotting organ is the bulb"
garlic white rot,storage,"declared leaf;root;whole_plant, plant_organ root 67% / stem 33%; bulb rot"
carrot cavity spot,storage,"declared root, plant_organ root 95%; swollen taproot - root vs tuber is the open question"
carrot bacterial soft rot,storage,"declared root, plant_organ root 71%; swollen taproot - root vs tuber is the open question"
